url,title
https://gihyo.jp/dp/ebook/2021/978-4-297-12083-2,ゼロからはじめる ゼロからはじめるLINE ライン 基本&便利技
https://gihyo.jp/dp/ebook/2021/978-4-297-12093-1,ゼロからはじめる ゼロからはじめるTwitter ツイッター 基本&便利技
https://gihyo.jp/dp/ebook/2021/978-4-297-12105-1,今すぐ使えるかんたんmini 今すぐ使えるかんたんminiNikon Z 5 基本＆応用撮影ガイド
https://gihyo.jp/dp/ebook/2021/978-4-297-12111-2,今すぐ使えるかんたん 今すぐ使えるかんたんジンドゥー Jimdo 無料で作るホームページ［改訂5版］
https://gihyo.jp/dp/ebook/2021/978-4-297-12091-7,図解即戦力 図解即戦力アパレル業界のしくみとビジネスがこれ1冊でしっかりわかる教科書
https://gihyo.jp/dp/ebook/2021/978-4-297-12075-7,図解即戦力 図解即戦力住宅メーカーのしくみとビジネスがこれ1 冊でしっかりわかる教科書
https://gihyo.jp/dp/ebook/2021/978-4-297-12079-5,世界一わかりやすい教科書 世界一わかりやすい InDesign 操作とデザインの教科書［改訂2版］
https://gihyo.jp/dp/ebook/2021/978-4-297-12077-1,今すぐ使えるかんたん 今すぐ使えるかんたんYouTube 投稿＆集客 完全ガイドブック
https://gihyo.jp/dp/ebook/2021/978-4-297-12109-9,ゼロからはじめる ゼロからはじめるiCloud 基本＆便利技
https://gihyo.jp/dp/ebook/2021/978-4-297-12116-7,改訂新版 図解でわかる はじめての材料力学
https://gihyo.jp/dp/ebook/2021/978-4-297-12081-8,デザインの学校 デザインの学校これからはじめる Illustrator&Photoshopの本［2021年最新版］
https://gihyo.jp/dp/ebook/2021/978-4-297-12085-6,図解即戦力 図解即戦力モバイルゲーム開発がこれ1冊でしっかりわかる教科書
https://gihyo.jp/dp/ebook/2021/978-4-297-12073-3,今すぐ使えるかんたんmini 今すぐ使えるかんたんminiデジタル一眼 動画撮影 基本＆応用テクニック
https://gihyo.jp/dp/ebook/2021/978-4-297-12097-9,今すぐ使えるかんたんEx 今すぐ使えるかんたんExExcel&Word プロ技BEST セレクション［2019/2016/2013/365対応版］
https://gihyo.jp/dp/ebook/2021/978-4-297-12107-5,図解即戦力 図解即戦力情報セキュリティの技術と対策がこれ1冊でしっかりわかる教科書
https://gihyo.jp/dp/ebook/2021/978-4-297-12042-9,Minecraftオフィシャルブック マインクラフト きかいのはんらん［木の剣のものがたりシリーズ④］
https://gihyo.jp/dp/ebook/2021/978-4-297-12053-5,電子工作のための Node-RED 活用ガイドブック
https://gihyo.jp/dp/ebook/2021/978-4-297-12069-6,ポケット介護 【ポケット介護】見てわかる介護保険＆サービス 2021年度 制度・報酬改定対応版
https://gihyo.jp/dp/ebook/2021/978-4-297-12023-8,RとPythonで学ぶ［実践的］データサイエンス＆機械学習【増補改訂版】
https://gihyo.jp/dp/ebook/2021/978-4-297-12103-7,仕事で一生使える Illustratorトレーステクニック
https://gihyo.jp/dp/ebook/2021/978-4-297-12013-9,しくみ図解 プレス加工が一番わかる
https://gihyo.jp/dp/ebook/2021/978-4-297-12120-4,WEB+DB PRESS Vol.122
https://gihyo.jp/dp/ebook/2021/978-4-297-12059-7,ゼロからはじめる ゼロからはじめるau AQUOS sense5G SHG03 スマートガイド
https://gihyo.jp/dp/ebook/2021/978-4-297-12049-8,WEB+DB PRESS plus ［増補改訂］良いコードを書く技術──読みやすく保守しやすいプログラミング作法
https://gihyo.jp/dp/ebook/2021/978-4-297-12067-2,Software Design別冊 ITと数学
https://gihyo.jp/dp/ebook/2021/978-4-297-12017-7,バリューサイクル・マネジメント～新しい時代へアップデートし続ける仕組みの作り方
https://gihyo.jp/dp/ebook/2021/978-4-297-12125-9,情報処理技術者試験 令和03年 プロジェクトマネージャ合格教本
https://gihyo.jp/dp/ebook/2021/978-4-297-12015-3,学びの呼吸～世界のエリートに共通する学習の型
https://gihyo.jp/dp/ebook/2021/978-4-297-11983-6,COMODO（COMODO ライフブック） きものを着たら どこへでも
https://gihyo.jp/dp/ebook/2021/978-4-297-11971-3,Software Design 2021年5月号
